Mobile Name,Link,Price
Open Box - Samsung Galaxy S24 Ultra 256GB - Titanium Black - Unlocked,https://www.bestbuy.ca/en-ca/product/open-box-samsung-galaxy-s24-ultra-256gb-titanium-black-unlocked/17728755,1479.99
Open Box - Samsung Galaxy A15 5G 128GB - Blue/Black - Unlocked,https://www.bestbuy.ca/en-ca/product/open-box-samsung-galaxy-a15-5g-128gb-blue-black-unlocked/17728747,199.99
Open Box - Samsung Galaxy S24 Ultra 512GB - Titanium Black - Unlocked,https://www.bestbuy.ca/en-ca/product/open-box-samsung-galaxy-s24-ultra-512gb-titanium-black-unlocked/17728746,1639.99
Open Box - Samsung Galaxy S24 Ultra 256GB - Titanium Grey - Unlocked,https://www.bestbuy.ca/en-ca/product/open-box-samsung-galaxy-s24-ultra-256gb-titanium-grey-unlocked/17728756,1479.99
Open Box - Samsung Galaxy S24 Ultra 256GB - Titanium Violet - Unlocked,https://www.bestbuy.ca/en-ca/product/open-box-samsung-galaxy-s24-ultra-256gb-titanium-violet-unlocked/17728757,1479.99
Open Box - Samsung Galaxy S24 128GB - Cobalt Violet - Unlocked,https://www.bestbuy.ca/en-ca/product/open-box-samsung-galaxy-s24-128gb-cobalt-violet-unlocked/17728761,799.99
Open Box - Samsung Galaxy A35 5G 128GB - Awesome Navy - Unlocked,https://www.bestbuy.ca/en-ca/product/open-box-samsung-galaxy-a35-5g-128gb-awesome-navy-unlocked/17930247,339.99
Open Box - Samsung Galaxy S24 Ultra 512GB - Titanium Violet - Unlocked,https://www.bestbuy.ca/en-ca/product/open-box-samsung-galaxy-s24-ultra-512gb-titanium-violet-unlocked/17728748,1639.99
Open Box - Samsung Galaxy S23 FE 128GB - Graphite - Unlocked,https://www.bestbuy.ca/en-ca/product/open-box-samsung-galaxy-s23-fe-128gb-graphite-unlocked/17544494,799.99
Open Box - Samsung Galaxy S24 Ultra 256GB - Titanium Yellow - Unlocked,https://www.bestbuy.ca/en-ca/product/open-box-samsung-galaxy-s24-ultra-256gb-titanium-yellow-unlocked/17728758,1479.99
Open Box - Samsung Galaxy S24 128GB - Onyx Black - Unlocked,https://www.bestbuy.ca/en-ca/product/open-box-samsung-galaxy-s24-128gb-onyx-black-unlocked/17728759,799.99
Open Box - Samsung Galaxy S24+ (Plus) 256GB - Onyx Black - Unlocked,https://www.bestbuy.ca/en-ca/product/open-box-samsung-galaxy-s24-plus-256gb-onyx-black-unlocked/17728767,1079.99
Open Box - Samsung Galaxy S24+ (Plus) 256GB - Marble Grey - Unlocked,https://www.bestbuy.ca/en-ca/product/open-box-samsung-galaxy-s24-plus-256gb-marble-grey-unlocked/17728768,1079.99
Open Box - Samsung Galaxy S23 FE 128GB - Purple - Unlocked,https://www.bestbuy.ca/en-ca/product/open-box-samsung-galaxy-s23-fe-128gb-purple-unlocked/17544491,799.99
Open Box - Samsung Galaxy S24 128GB - Amber Yellow - Unlocked,https://www.bestbuy.ca/en-ca/product/open-box-samsung-galaxy-s24-128gb-amber-yellow-unlocked/17728762,799.99
Open Box - Samsung Galaxy S24+ (Plus) 256GB - Amber Yellow - Unlocked,https://www.bestbuy.ca/en-ca/product/open-box-samsung-galaxy-s24-plus-256gb-amber-yellow-unlocked/17728750,1079.99
Open Box - Samsung Galaxy S24 Ultra 512GB - Titanium Yellow - Unlocked,https://www.bestbuy.ca/en-ca/product/open-box-samsung-galaxy-s24-ultra-512gb-titanium-yellow-unlocked/17728749,1639.99
Open Box - Samsung Galaxy S24 Ultra 512GB - Titanium Grey - Unlocked,https://www.bestbuy.ca/en-ca/product/open-box-samsung-galaxy-s24-ultra-512gb-titanium-grey-unlocked/17728769,1639.99
Open Box - Samsung Galaxy Z Fold5 512GB - Cream - Unlocked,https://www.bestbuy.ca/en-ca/product/open-box-samsung-galaxy-z-fold5-512gb-cream-unlocked/17234339,2469.99
Open Box - Samsung Galaxy S23 FE 128GB - Cream - Unlocked,https://www.bestbuy.ca/en-ca/product/open-box-samsung-galaxy-s23-fe-128gb-cream-unlocked/17544498,799.99
Open Box - Samsung Galaxy S24 128GB - Marble Grey - Unlocked,https://www.bestbuy.ca/en-ca/product/open-box-samsung-galaxy-s24-128gb-marble-grey-unlocked/17728760,799.99
Open Box - Samsung Galaxy S24 256GB - Marble Grey - Unlocked,https://www.bestbuy.ca/en-ca/product/open-box-samsung-galaxy-s24-256gb-marble-grey-unlocked/17728764,879.99
Open Box - Samsung Galaxy Z Flip6 5G 256GB - Silver Shadow - Unlocked,https://www.bestbuy.ca/en-ca/product/open-box-samsung-galaxy-z-flip6-5g-256gb-silver-shadow-unlocked/18249085,1422.99
Open Box - Samsung Galaxy S23 Ultra 256GB - Lavender - Unlocked,https://www.bestbuy.ca/en-ca/product/open-box-samsung-galaxy-s23-ultra-256gb-lavender-unlocked/16982845,1609.99
Open Box - Samsung Galaxy S23 Ultra 512GB - Phantom Black - Unlocked,https://www.bestbuy.ca/en-ca/product/open-box-samsung-galaxy-s23-ultra-512gb-phantom-black-unlocked/16982846,1849.99
Open Box - Samsung Galaxy S23 128GB - Phantom Black - Unlocked,https://www.bestbuy.ca/en-ca/product/open-box-samsung-galaxy-s23-128gb-phantom-black-unlocked/16982835,909.99
Open Box - Samsung Galaxy Z Flip5 512GB - Lavender - Unlocked,https://www.bestbuy.ca/en-ca/product/open-box-samsung-galaxy-z-flip5-512gb-lavender-unlocked/17234348,1369.99
Open Box - Samsung Galaxy A53 5G 128GB - Awesome Black - Unlocked,https://www.bestbuy.ca/en-ca/product/open-box-samsung-galaxy-a53-5g-128gb-awesome-black-unlocked/16317189,549.99
Open Box - Samsung Galaxy S23 256GB - Lavender - Unlocked,https://www.bestbuy.ca/en-ca/product/open-box-samsung-galaxy-s23-256gb-lavender-unlocked/16982829,999.99
Open Box - Samsung Galaxy Z Fold6 5G 256GB - Silver Shadow - Unlocked,https://www.bestbuy.ca/en-ca/product/open-box-samsung-galaxy-z-fold6-5g-256gb-silver-shadow-unlocked/18249088,2524.99
Open Box - Samsung Galaxy S24+ (Plus) 256GB - Cobalt Violet - Unlocked,https://www.bestbuy.ca/en-ca/product/open-box-samsung-galaxy-s24-plus-256gb-cobalt-violet-unlocked/17728770,1079.99
Open Box - Samsung Galaxy S24+ (Plus) 512GB - Onyx Black - Unlocked,https://www.bestbuy.ca/en-ca/product/open-box-samsung-galaxy-s24-plus-512gb-onyx-black-unlocked/17728751,1239.99
Open Box - Samsung Galaxy Z Flip5 512GB - Cream - Unlocked,https://www.bestbuy.ca/en-ca/product/open-box-samsung-galaxy-z-flip5-512gb-cream-unlocked/17234347,1369.99
Open Box - Samsung Galaxy Z Fold5 512GB - Phantom Black - Unlocked,https://www.bestbuy.ca/en-ca/product/open-box-samsung-galaxy-z-fold5-512gb-phantom-black-unlocked/17234340,2469.99
Open Box - Samsung Galaxy S23+ (Plus) 256GB - Phantom Black - Unlocked,https://www.bestbuy.ca/en-ca/product/open-box-samsung-galaxy-s23-plus-256gb-phantom-black-unlocked/16982830,1359.99
Open Box - Samsung Galaxy Z Fold6 5G 512GB - Navy - Unlocked,https://www.bestbuy.ca/en-ca/product/open-box-samsung-galaxy-z-fold6-5g-512gb-navy-unlocked/18249089,2684.99
Open Box - Samsung Galaxy Z Fold6 5G 512GB - Silver Shadow - Unlocked,https://www.bestbuy.ca/en-ca/product/open-box-samsung-galaxy-z-fold6-5g-512gb-silver-shadow-unlocked/18249090,2684.99
Open Box - Samsung Galaxy S23 128GB - Green - Unlocked,https://www.bestbuy.ca/en-ca/product/open-box-samsung-galaxy-s23-128gb-green-unlocked/16982824,909.99
Open Box - Samsung Galaxy S21 FE 5G 128GB - Graphite - Unlocked,https://www.bestbuy.ca/en-ca/product/open-box-samsung-galaxy-s21-fe-5g-128gb-graphite-unlocked/15973656,739.99
Open Box - Samsung Galaxy S23 Ultra 256GB - Phantom Black - Unlocked,https://www.bestbuy.ca/en-ca/product/open-box-samsung-galaxy-s23-ultra-256gb-phantom-black-unlocked/16982842,1609.99
Open Box - Samsung Galaxy Z Fold6 5G 256GB - Navy - Unlocked,https://www.bestbuy.ca/en-ca/product/open-box-samsung-galaxy-z-fold6-5g-256gb-navy-unlocked/18249087,2524.99
Open Box - Samsung Galaxy Z Flip6 5G 256GB - Mint - Unlocked,https://www.bestbuy.ca/en-ca/product/open-box-samsung-galaxy-z-flip6-5g-256gb-mint-unlocked/18388169,1422.99
Open Box - Samsung Galaxy Z Flip6 5G 512GB - Mint - Unlocked,https://www.bestbuy.ca/en-ca/product/open-box-samsung-galaxy-z-flip6-5g-512gb-mint-unlocked/18249086,1582.99
Open Box - Samsung Galaxy Z Flip6 5G 256GB - Blue - Unlocked,https://www.bestbuy.ca/en-ca/product/open-box-samsung-galaxy-z-flip6-5g-256gb-blue-unlocked/18249084,1422.99
Open Box - Samsung Galaxy Z Fold5 512GB - Icy Blue - Unlocked,https://www.bestbuy.ca/en-ca/product/open-box-samsung-galaxy-z-fold5-512gb-icy-blue-unlocked/17234338,2469.99
Open Box - Samsung Galaxy S23+ (Plus) 256GB - Green - Unlocked,https://www.bestbuy.ca/en-ca/product/open-box-samsung-galaxy-s23-plus-256gb-green-unlocked/16982832,1359.99
